action,elapsed_s,current_a,pack_voltage_v,terminal_voltage_v,average_soc,min_soc,delivered_wh,absorbed_wh,throughput_ah
discharge,5.0,8,15.109333333333334,14.309333333333333,0.6477777777777778,0.6477777777777778,0.15905185185185186,0.0,0.011111111111111112
discharge,10.0,8,15.098666666666666,14.298666666666666,0.6455555555555555,0.6455555555555555,0.3179851851851852,0.0,0.022222222222222223
discharge,15.0,8,15.088000000000001,14.288,0.6433333333333334,0.6433333333333333,0.4768,0.0,0.03333333333333333
discharge,20.0,8,15.077333333333334,14.277333333333333,0.6411111111111111,0.6411111111111112,0.6354962962962963,0.0,0.044444444444444446
discharge,25.0,8,15.066666666666668,14.266666666666667,0.638888888888889,0.638888888888889,0.7940740740740742,0.0,0.05555555555555556
discharge,30.0,8,15.056000000000001,14.256,0.6366666666666667,0.6366666666666667,0.9525333333333335,0.0,0.06666666666666667
discharge,35.0,8,15.045333333333334,14.245333333333333,0.6344444444444445,0.6344444444444445,1.1108740740740741,0.0,0.07777777777777778
discharge,40.0,8,15.034666666666666,14.234666666666666,0.6322222222222224,0.6322222222222222,1.2690962962962964,0.0,0.08888888888888889
discharge,45.0,8,15.024000000000001,14.224,0.63,0.6300000000000001,1.4272,0.0,0.1
discharge,50.0,8,15.013333333333334,14.213333333333333,0.6277777777777779,0.6277777777777779,1.5851851851851853,0.0,0.11111111111111112
discharge,55.0,8,15.002666666666668,14.202666666666667,0.6255555555555556,0.6255555555555556,1.7430518518518519,0.0,0.12222222222222223
discharge,60.0,8,14.992,14.192,0.6233333333333334,0.6233333333333334,1.9008,0.0,0.13333333333333333
discharge,65.0,8,14.981333333333334,14.181333333333333,0.6211111111111113,0.6211111111111112,2.0584296296296296,0.0,0.14444444444444443
discharge,70.0,8,14.970666666666668,14.170666666666667,0.6188888888888889,0.618888888888889,2.2159407407407405,0.0,0.15555555555555553
discharge,75.0,8,14.96,14.16,0.6166666666666668,0.6166666666666668,2.373333333333333,0.0,0.16666666666666663
discharge,80.0,8,14.949333333333334,14.149333333333333,0.6144444444444446,0.6144444444444446,2.530607407407407,0.0,0.17777777777777773
discharge,85.0,8,14.938666666666668,14.138666666666667,0.6122222222222223,0.6122222222222223,2.687762962962963,0.0,0.18888888888888883
discharge,90.0,8,14.928,14.128,0.6100000000000002,0.6100000000000001,2.8447999999999998,0.0,0.19999999999999993
discharge,95.0,8,14.917333333333335,14.117333333333335,0.6077777777777779,0.607777777777778,3.0017185185185182,0.0,0.21111111111111103
discharge,100.0,8,14.906666666666668,14.106666666666667,0.6055555555555557,0.6055555555555557,3.1585185185185183,0.0,0.22222222222222213
discharge,105.0,8,14.896,14.096,0.6033333333333335,0.6033333333333335,3.3152,0.0,0.23333333333333323
discharge,110.0,8,14.885333333333335,14.085333333333335,0.6011111111111113,0.6011111111111113,3.4717629629629627,0.0,0.24444444444444433
discharge,115.0,8,14.874666666666668,14.074666666666667,0.5988888888888891,0.598888888888889,3.628207407407407,0.0,0.2555555555555554
discharge,120.0,8,14.864,14.064,0.5966666666666668,0.5966666666666669,3.784533333333333,0.0,0.26666666666666655
rest,125.0,0.0,14.864,14.864,0.5966666666666668,0.5966666666666669,3.784533333333333,0.0,0.26666666666666655
rest,130.0,0.0,14.864,14.864,0.5966666666666668,0.5966666666666669,3.784533333333333,0.0,0.26666666666666655
rest,135.0,0.0,14.864,14.864,0.5966666666666668,0.5966666666666669,3.784533333333333,0.0,0.26666666666666655
rest,140.0,0.0,14.864,14.864,0.5966666666666668,0.5966666666666669,3.784533333333333,0.0,0.26666666666666655
rest,145.0,0.0,14.864,14.864,0.5966666666666668,0.5966666666666669,3.784533333333333,0.0,0.26666666666666655
rest,150.0,0.0,14.864,14.864,0.5966666666666668,0.5966666666666669,3.784533333333333,0.0,0.26666666666666655
optimization,155.0,-12,14.88,16.080000000000002,0.6000000000000002,0.6000000000000002,3.784533333333333,0.2678666666666667,0.2833333333333332
optimization,160.0,-12,14.896,16.096,0.6033333333333335,0.6033333333333335,3.784533333333333,0.536,0.2999999999999999
optimization,165.0,-12,14.912,16.112000000000002,0.6066666666666668,0.6066666666666668,3.784533333333333,0.8044,0.31666666666666654
optimization,170.0,-12,14.928,16.128,0.6100000000000002,0.6100000000000001,3.784533333333333,1.0730666666666666,0.3333333333333332
optimization,175.0,-12,14.944,16.144000000000002,0.6133333333333334,0.6133333333333335,3.784533333333333,1.342,0.34999999999999987
optimization,180.0,-12,14.96,16.16,0.6166666666666668,0.6166666666666668,3.784533333333333,1.6112000000000002,0.36666666666666653
optimization,185.0,-12,14.976,16.176000000000002,0.6200000000000001,0.6200000000000001,3.784533333333333,1.880666666666667,0.3833333333333332
optimization,190.0,-12,14.992,16.192,0.6233333333333334,0.6233333333333334,3.784533333333333,2.1504000000000003,0.39999999999999986
optimization,195.0,-12,15.008000000000001,16.208000000000002,0.6266666666666668,0.6266666666666667,3.784533333333333,2.4204000000000003,0.4166666666666665
optimization,200.0,-12,15.024000000000001,16.224,0.63,0.6300000000000001,3.784533333333333,2.690666666666667,0.4333333333333332
optimization,205.0,-12,15.040000000000001,16.240000000000002,0.6333333333333334,0.6333333333333334,3.784533333333333,2.9612000000000003,0.44999999999999984
optimization,210.0,-12,15.056000000000001,16.256,0.6366666666666667,0.6366666666666667,3.784533333333333,3.232,0.4666666666666665
optimization,215.0,-12,15.072000000000001,16.272000000000002,0.64,0.64,3.784533333333333,3.5030666666666668,0.48333333333333317
optimization,220.0,-12,15.088000000000001,16.288,0.6433333333333334,0.6433333333333333,3.784533333333333,3.7744,0.49999999999999983
optimization,225.0,-12,15.104000000000001,16.304000000000002,0.6466666666666666,0.6466666666666667,3.784533333333333,4.046,0.5166666666666665
optimization,230.0,-12,15.120000000000001,16.32,0.65,0.65,3.784533333333333,4.317866666666667,0.5333333333333332
optimization,235.0,-12,15.136000000000001,16.336000000000002,0.6533333333333333,0.6533333333333333,3.784533333333333,4.590000000000001,0.5499999999999999
optimization,240.0,-12,15.152000000000001,16.352,0.6566666666666666,0.6566666666666666,3.784533333333333,4.862400000000001,0.5666666666666667
optimization,245.0,-12,15.168,16.368,0.66,0.6599999999999999,3.784533333333333,5.135066666666668,0.5833333333333334
optimization,250.0,-12,15.184000000000001,16.384,0.6633333333333332,0.6633333333333333,3.784533333333333,5.408000000000001,0.6000000000000001
optimization,255.0,-12,15.200000000000001,16.400000000000002,0.6666666666666666,0.6666666666666666,3.784533333333333,5.681200000000001,0.6166666666666668
optimization,260.0,-12,15.216,16.416,0.6699999999999999,0.6699999999999999,3.784533333333333,5.954666666666668,0.6333333333333335
optimization,265.0,-12,15.232,16.432,0.6733333333333331,0.6733333333333332,3.784533333333333,6.2284000000000015,0.6500000000000002
optimization,270.0,-12,15.248,16.448,0.6766666666666666,0.6766666666666665,3.784533333333333,6.5024000000000015,0.666666666666667
optimization,275.0,-12,15.264,16.464,0.6799999999999998,0.6799999999999999,3.784533333333333,6.776666666666668,0.6833333333333337
optimization,280.0,-12,15.28,16.48,0.6833333333333333,0.6833333333333332,3.784533333333333,7.0512000000000015,0.7000000000000004
optimization,285.0,-12,15.296,16.496,0.6866666666666665,0.6866666666666665,3.784533333333333,7.326000000000001,0.7166666666666671
optimization,290.0,-12,15.312,16.512,0.6899999999999997,0.6899999999999998,3.784533333333333,7.601066666666668,0.7333333333333338
optimization,295.0,-12,15.328,16.528,0.6933333333333332,0.6933333333333331,3.784533333333333,7.876400000000001,0.7500000000000006
optimization,300.0,-12,15.344,16.544,0.6966666666666664,0.6966666666666665,3.784533333333333,8.152000000000001,0.7666666666666673
optimization,305.0,-12,15.36,16.56,0.7,0.6999999999999998,3.784533333333333,8.427866666666668,0.783333333333334
optimization,310.0,-12,15.376,16.576,0.7033333333333331,0.7033333333333331,3.784533333333333,8.704000000000002,0.8000000000000007
optimization,315.0,-12,15.392,16.592,0.7066666666666663,0.7066666666666664,3.784533333333333,8.980400000000003,0.8166666666666674
optimization,320.0,-12,15.408,16.608,0.7099999999999999,0.7099999999999997,3.784533333333333,9.25706666666667,0.8333333333333341
optimization,325.0,-12,15.424,16.624,0.713333333333333,0.7133333333333332,3.784533333333333,9.534000000000004,0.8500000000000009
optimization,330.0,-12,15.44,16.64,0.7166666666666666,0.7166666666666665,3.784533333333333,9.811200000000005,0.8666666666666676
optimization,335.0,-12,15.456,16.656,0.7199999999999998,0.7199999999999998,3.784533333333333,10.088666666666672,0.8833333333333343
optimization,340.0,-12,15.472,16.672,0.7233333333333329,0.723333333333333,3.784533333333333,10.366400000000006,0.900000000000001
optimization,345.0,-12,15.488,16.688,0.7266666666666665,0.7266666666666663,3.784533333333333,10.644400000000006,0.9166666666666677
optimization,350.0,-12,15.504,16.704,0.7299999999999996,0.7299999999999998,3.784533333333333,10.922666666666673,0.9333333333333345
optimization,355.0,-12,15.52,16.72,0.7333333333333332,0.7333333333333331,3.784533333333333,11.201200000000007,0.9500000000000012
optimization,360.0,-12,15.536,16.736,0.7366666666666664,0.7366666666666664,3.784533333333333,11.480000000000008,0.9666666666666679
optimization,365.0,-12,15.552,16.752,0.7399999999999995,0.7399999999999997,3.784533333333333,11.759066666666675,0.9833333333333346
optimization,370.0,-12,15.567999999999998,16.767999999999997,0.7433333333333331,0.743333333333333,3.784533333333333,12.038400000000008,1.0000000000000013
optimization,375.0,-12,15.584,16.784,0.7466666666666663,0.7466666666666664,3.784533333333333,12.318000000000008,1.016666666666668
optimization,380.0,-12,15.6,16.8,0.7499999999999998,0.7499999999999997,3.784533333333333,12.597866666666675,1.0333333333333345
optimization,385.0,-12,15.616,16.816,0.753333333333333,0.753333333333333,3.784533333333333,12.878000000000009,1.0500000000000012
optimization,390.0,-6.0,15.623999999999999,16.224,0.7549999999999998,0.7549999999999997,3.784533333333333,13.013166666666676,1.0583333333333345
